[
    {
        "label": "Mobile",
        "slug": "Mobile",
        "value": "767",
        "icon": "<svg xmlns=\"http://www.w3.org/2000/svg\" width=\"24\" height=\"24\" viewBox=\"0 0 24 24\" aria-hidden=\"true\" focusable=\"false\"><path fill=\"#111722\" d=\"M15 4H9a2 2 0 0 0-2 2v12c0 1.1.9 2 2 2h6a2 2 0 0 0 2-2V6a2 2 0 0 0-2-2Zm.5 14c0 .3-.2.5-.5.5H9c-.3 0-.5-.2-.5-.5V6c0-.3.2-.5.5-.5h6c.3 0 .5.2.5.5v12Zm-4.5-.5h2V16h-2v1.5Z\"/></svg>",
        "isActive": true,
        "isRequired": true,
        "direction": "max"
    },
    {
        "label": "Mobile Landscape",
        "slug": "MobileLandscape",
        "value": "880",
        "icon": "<svg xmlns=\"http://www.w3.org/2000/svg\" width=\"24\" height=\"24\" viewBox=\"0 0 24 24\" aria-hidden=\"true\" focusable=\"false\"><path fill=\"#111722\" d=\"M4 9v6c0 1.1.9 2 2 2h12a2 2 0 0 0 2-2V9a2 2 0 0 0-2-2H6a2 2 0 0 0-2 2Zm14-.5c.3 0 .5.2.5.5v6c0 .3-.2.5-.5.5H6c-.3 0-.5-.2-.5-.5V9c0-.3.2-.5.5-.5h12Zm-.5 4.5v-2H16v2h1.5Z\"/></svg>","isActive": false,
        "direction": "max"
    },
    {
        "label": "Tablet",
        "slug": "Tablet",
        "value": "1024",
        "icon": "<svg xmlns=\"http://www.w3.org/2000/svg\" width=\"24\" height=\"24\" viewBox=\"0 0 24 24\" aria-hidden=\"true\" focusable=\"false\"><path fill=\"#111722\" d=\"M16.4 5H7.6C6.6 5 6 5.8 6 6.8v10.4c0 1 .8 1.8 1.7 1.8h8.8c1 0 1.7-.8 1.7-1.8V6.8c0-1-.8-1.8-1.7-1.8Zm.4 12.3c0 .2-.2.4-.4.4H7.6c-.2 0-.4-.2-.4-.4V6.7c0-.2.2-.4.4-.4h8.8c.2 0 .4.2.4.5v10.4Zm-6.6-.5h3.6v-1.3h-3.6v1.3Z\"/></svg>",
        "isActive": true,
        "isRequired": true,
        "direction": "max"
    },
    {
        "label": "Tablet Landscape",
        "slug": "TabletLandscape",
        "value": "1200",
        "icon": "<svg xmlns=\"http://www.w3.org/2000/svg\" width=\"24\" height=\"24\" viewBox=\"0 0 24 24\" aria-hidden=\"true\" focusable=\"false\"><path fill=\"#111722\" d=\"M5 7.6v8.8c0 1 .8 1.7 1.8 1.7h10.4c1 0 1.8-.8 1.8-1.7V7.6c0-1-.8-1.7-1.8-1.7H6.8c-1 0-1.8.8-1.8 1.7Zm12.3-.4c.2 0 .4.2.4.4v8.8c0 .2-.2.4-.4.4H6.7c-.2 0-.4-.2-.4-.4V7.6c0-.2.2-.4.5-.4h10.4Zm-.5 6.5v-3.4h-1.3v3.4h1.3Z\"/></svg>",
        "isActive": false,
        "direction": "max"
    },
    {
        "label": "Laptop",
        "slug": "Laptop",
        "value": "1366",
        "icon": "<svg xmlns=\"http://www.w3.org/2000/svg\" width=\"24\" height=\"24\" viewBox=\"0 0 24 24\" aria-hidden=\"true\" focusable=\"false\"><path fill=\"#111722\" d=\"m19.4 16.6-1-3.2V6.8a2 2 0 0 0-2-2H7.6a2 2 0 0 0-2 2v6.6l-1 3.2v1c0 .3.2.6.4.9.2.3.4.4.6.5l.9.2h11c.2 0 .5 0 .8-.2.3 0 .5-.3.7-.5l.3-.9c.2-.3.2-.7.1-1ZM7 6.8c0-.2 0-.3.2-.4l.4-.2h8.8l.4.2.2.4v6H7v-6Zm10.9 10.8-.2.2H6.3a.2.2 0 0 1-.2-.2V17l.7-2.9h10.4l.8 3v.2l-.1.3Zm-5.2-1.7h-1.4c-.4 0-.7.3-.7.7 0 .5.2.8.7.8h1.4c.4 0 .8-.3.8-.8 0-.4-.4-.7-.8-.7Z\"/></svg>",
        "isActive": false,
        "direction": "max"
    },
    {
        "label": "Wide Screen",
        "slug": "WideScreen",
        "value": "2400",
        "icon": "<svg xmlns=\"http://www.w3.org/2000/svg\" width=\"24\" height=\"24\" viewBox=\"0 0 24 24\" aria-hidden=\"true\" focusable=\"false\"><path fill=\"#111722\" fillRule=\"evenodd\" d=\"M8.3 19.4h7.6l.4-.2v-.6l-.1-.4a.7.7 0 0 0-.5-.2h-1v-1.3h3.6c.5 0 1-.2 1.2-.5.3-.2.5-.7.5-1.1V6.3c0-.5-.2-.9-.5-1.2-.3-.3-.8-.5-1.2-.5H5.7c-.5.1-1 .2-1.2.6-.3.3-.5.7-.5 1.2v8.8c0 .5.2.8.5 1.1.3.3.8.5 1.2.5h3.5v1.3H8c-.2 0-.3 0-.4.3v.4l.1.5h.5Zm5.8-4H5.7c-.2 0-.3 0-.3-.2v-9l.3-.1h12.6l.2.1.1.2v9H14Zm-.6 2.6h-3v-1.3h3V18Z\" clipRule=\"evenodd\"/></svg>",
        "isActive": false,
        "direction": "min"
    }
]